{"_timestamp":1.7286735811959722e+09,"_runtime":0.448858,"_step":17,"validation/loss":0.24998790597672627,"validation/acc":0.18698852393844345,"_wandb":{"runtime":46},"train/loss":0.24998790597672627,"train/acc":0.18698852393844345}