{"train/loss":0.3374701933390092,"train/acc":0.3296067518128617,"validation/loss":0.5473334330179571,"validation/acc":0.8009756979155267,"_wandb":{"runtime":2},"_timestamp":1.728676202366051e+09,"_runtime":0.659614,"_step":17}